<?xml version="1.0" encoding="UTF-8" standalone="no"?>
<metadata><idinfo><citation><citeinfo><origin>US FWS</origin><pubdate>20100415</pubdate><title Sync="TRUE">FWS_LCC</title><geoform Sync="TRUE">vector digital data</geoform><pubinfo><pubplace>USA</pubplace><publish>U.S. Fish &amp; Wildlife Service</publish></pubinfo><onlink>http://www.fws.gov/GIS/data/national/FWS_LCC.zip</onlink><ftname Sync="TRUE">FWS_LCC</ftname></citeinfo></citation><descript><abstract>Landscape conservation cooperatives (LCCs) are conservation-science partnerships between the U.S. Fish and Wildlife Service, U.S. Geological Survey (USGS), and other federal agencies, states, tribes, NGOs, universities and stakeholders within a geographically defined area. They inform resource management decisions to address national-scale stressors-including habitat fragmentation, genetic isolation, spread of invasive species, and water scarcity-all of which are accelerated by climate change.</abstract><purpose>LCCs provide scientific and technical support for conservation at "landscape" scales-the entire range of an identified priority species or groups of species. They support biological planning, conservation design, prioritizing and coordinating research, and designing species inventory and monitoring programs. LCCs also have a role in helping partners identify common goals and priorities to target the right science in the right places for efficient and effective conservation. By functioning as network of interdependent units rather than independent entities, LCC partnerships can accomplish a conservation mission no single agency or organization can accomplish alone.</purpose><supplinf>For further information go to http://www.fws.gov/science/shc/lcc.html  Collectively, LCCs will comprise a seamless national network supporting landscapes capable of sustaining abundant, diverse and healthy populations of fish, wildlife and plants. They will provide a strong link between science and conservation delivery without duplicating existing partnerships or creating burdensome and unnecessary bureaucracy.  Science-based recommendations and decision-support tools produced by LCCs will be readily transferable to field offices that implement on-the-ground actions. Rather than create a new conservation infrastructure from the ground up, LCCs build upon explicit biological management priorities and objectives, and science available from existing partnerships, such as fish habitat partnerships, migratory bird joint ventures and flyway councils, as well as species- and geographic-based partnerships.  LCCs support adaptive resource management by evaluating implementation of conservation strategies, maintaining and sharing information and data, and improving products as new information becomes available. Shared data platforms serve multiple purposes, including the collaborative development of population/habitat models under alternative climate scenarios to inform spatially explicit decision support for all partners.  Decision-support systems and products developed by LCCs not only help determine the most effective conservation actions to support shared priorities, but also provide tools to compare and contrast the implications of management alternatives.  In the face of accelerated climate change and other 21st-century conservation challenges, LCCs will regularly evaluate the effectiveness of scientific information and conservation actions and support necessary adjustments as new information becomes available. This iterative process of information sharing will help scientists and resource managers deal with uncertainties on the landscape and provide tools to compare and contrast the implications of management alternatives.    LCCs were created from Geographic Areas.  See http://www.fws.gov/science/shc/index.html for further information.  This layer was created through a union of the Bird Conservation Region (BCR)layer and the Freshwater Ecoregions layer (FEOW).  The purpose of this union was to retrieve some of the linework and attributes from the FEOW layer.  Some linework from the FEOW layer was used to split some BCRs in order to accommodate high priority aquatic areas.  It was also decided to union in the "Mid Atlantic" Hydrographic Unit Code (HUC) Region (Level 2) into this dataset so we could use the actual topographic boundary between the Mid-Atlantic Region (including the James and Chesapeake) from the South-Atlantic Gulf Region (including the Chowan-Roanoake) to split the Atlantic coast area.  This was used instead of  the FEOW boundary in this area because it diverged from the topographic boundary.  After the edits were made by the mapping sub-group, this layer had the multi-part to single-part tool run on it and all polygons that had a BCR = 0 were deleted.  These polygons were either the sliver polygons that were created where the FEOW and the BCR coast lines differed or FEOW polygons from areas not in North America.  This was done to clean up the dataset.  It also allowed the Team to select and classify the many small island polygons along the coast that were accidentally dropped out during the quick group editing process.    “Gulf Coast Prairie” was updated to extend further east, Sept. 16, 2009.    Names for several geographic areas were changed.  “Insular Pacific-Hawaii” became “Pacific Islands,”” Northern Great Plains” became “Plains and Prairie Potholes,”” Northern Rockies” became “Great Northern” to comply more closely with LCC names.  Changed Oct 7, 2009.   The Geographic Area "South Pacific" was changed to "California"; "Northern Interior Forest" was changed to "Northwestern Interior Forest" and "Northern Atlantic" was changed to "North Atlantic".  The “Pacific Islands” area was  enlarged to include the new area identified by the regional climate change group.  All edits were vetted through the FWS National Climate Team.  November 12, 2009.    Changes in geographic area names have been approved by LCC Coordinators Teresa Woods (“Eastern Tallgrass Prairie” is now “Eastern Tallgrass Prairie and Big Rivers”), Bob Ford (“South Florida” is now “Peninsular Florida”), Kathy Granillo (“Southern Great Plains” is now “Great Plains”) and Laverne Smith (“Northern Alaska” is now “Arctic”) on December 7, 2009.   "Gulf Coast Plain and Ozarks" Geographic Area/LCC name changed to "Gulf Coastal Plains and Ozarks"  (authorized by R4 Bill Uihlein - Interim Coordinator), "Arctic Plains and Mountains" Geographic Area name/LCC changed to "Arctic"  (authorized by Phillip Martin - R7 Interim Coordinator), Dec 23, 2009.    Data correction - added “Great Lakes” area to “Upper Midwest and Great Lakes” geographic area (authorized by Dan Ash (Science Advisor), John Wenburg (Acting Deputy Science Advisor) and Teresa Woods (R3 Interim LCC Coordinator)), Jan 6, 2010.    Changed “Arctic” LCC to include entire Arctic Geographic Area  (authorized by LaVerne Smith (R7 Science Applications ARD), Phillip Martin (R7 Interim LCC Coordinator), and John Wenburg (Acting Deputy Science Advisor)).  Removed “Upper Midwest and Great Lakes” LCC.    Combined Geographic Areas and LCC dataset into one layer of information and removed references to those LCCs that have FWS operational plans to make the datasets more generic and to conform to the current maps on the FWS and DOI websites (authorized by Chris Lett, John Wenburg, and David Eisenhauer, April 15, 2010.)</supplinf><langdata Sync="TRUE">en</langdata></descript><timeperd><current>publication date</current><timeinfo><sngdate><caldate>20100415</caldate><time>unknown</time></sngdate></timeinfo></timeperd><status><progress>Planned</progress><update>As needed</update></status><spdom><bounding><westbc Sync="TRUE">-180.000000</westbc><eastbc Sync="TRUE">180.000000</eastbc><northbc Sync="TRUE">83.148084</northbc><southbc Sync="TRUE">-15.422167</southbc></bounding><lboundng><leftbc Sync="TRUE">-180.000000</leftbc><rightbc Sync="TRUE">180.000000</rightbc><bottombc Sync="TRUE">-15.422167</bottombc><topbc Sync="TRUE">83.148084</topbc></lboundng></spdom><ptcontac><cntinfo><cntorgp><cntorg>US Fish and Wildlife Service</cntorg><cntper>Chris Lett, National GIS Coordinator</cntper></cntorgp><cntpos>National GIS Coordinator</cntpos><cntaddr><addrtype>mailing and physical address</addrtype><address>755 Parfet St, Ste 215</address><city>Lakewood</city><state>CO</state><postal>80226</postal><country>USA</country></cntaddr><cntvoice>303-274-3574</cntvoice></cntinfo></ptcontac><native Sync="TRUE">Microsoft Windows XP Version 5.1 (Build 2600) Service Pack 3; ESRI ArcCatalog 9.3.1.3000</native><keywords><theme><themekey>landscape conservation cooperatives, fish and wildlife service, partnerships, conservation</themekey><themekt>None</themekt></theme></keywords><accconst>None</accconst><useconst>Inherent in any data set used to develop graphical representations, are limitations of accuracy as determined by, among others, the source, scale and resolution of the data. While the USFWS makes every effort to represent the data as completely and accurately as possible (given existing time and resource constraints), the USFWS gives no warranty, expressed or implied, as to the accuracy, reliability, or completeness of these data. In addition, the USFWS shall not be held liable for improper or incorrect use of the data described and/or contained in. Graphical representations provided by the use of this data do not represent a legal description of any kind.</useconst><natvform Sync="TRUE">Shapefile</natvform></idinfo><dataqual><attracc><attraccr>Not available</attraccr></attracc><logic>Not Available</logic><complete>Not Available</complete><posacc><horizpa><horizpar>Not Available</horizpar></horizpa></posacc><lineage></lineage></dataqual><spdoinfo><direct Sync="TRUE">Vector</direct><ptvctinf><sdtsterm Name="FWS_LCC"><sdtstype Sync="TRUE">G-polygon</sdtstype><ptvctcnt Sync="TRUE">23</ptvctcnt></sdtsterm><esriterm Name="FWS_LCC"><efeatyp Sync="TRUE">Simple</efeatyp><efeageom Sync="TRUE">Polygon</efeageom><esritopo Sync="TRUE">FALSE</esritopo><efeacnt Sync="TRUE">23</efeacnt><spindex Sync="TRUE">TRUE</spindex><linrefer Sync="TRUE">FALSE</linrefer></esriterm></ptvctinf></spdoinfo><spref><horizsys><geograph><latres Sync="TRUE">0.000000</latres><longres Sync="TRUE">0.000000</longres><geogunit Sync="TRUE">Decimal degrees</geogunit></geograph><geodetic><horizdn Sync="TRUE">D_WGS_1984</horizdn><ellips Sync="TRUE">WGS_1984</ellips><semiaxis Sync="TRUE">6378137.000000</semiaxis><denflat Sync="TRUE">298.257224</denflat></geodetic><cordsysn><geogcsn Sync="TRUE">GCS_WGS_1984</geogcsn></cordsysn></horizsys><vertdef><altsys><altres Sync="TRUE">0.000100</altres><altenc Sync="TRUE">Explicit elevation coordinate included with horizontal coordinates</altenc></altsys></vertdef></spref><eainfo><detailed Name="FWS_LCC"><enttyp><enttypl Sync="TRUE">FWS_LCC</enttypl><enttypt Sync="TRUE">Feature Class</enttypt><enttypc Sync="TRUE">23</enttypc></enttyp><attr><attrlabl Sync="TRUE">FID</attrlabl><attalias Sync="TRUE">FID</attalias><attrtype Sync="TRUE">OID</attrtype><attwidth Sync="TRUE">4</attwidth><atprecis Sync="TRUE">0</atprecis><attscale Sync="TRUE">0</attscale><attrdef Sync="TRUE">Internal feature number.</attrdef><attrdefs Sync="TRUE">ESRI</attrdefs><attrdomv><udom Sync="TRUE">Sequential unique whole numbers that are automatically generated.</udom></attrdomv></attr><attr><attrlabl Sync="TRUE">Shape</attrlabl><attrdef Sync="TRUE">Feature geometry.</attrdef><attrdefs Sync="TRUE">ESRI</attrdefs><attrdomv><udom Sync="TRUE">Coordinates defining the features.</udom></attrdomv><attalias Sync="TRUE">Shape</attalias><attrtype Sync="TRUE">Geometry</attrtype><attwidth Sync="TRUE">0</attwidth><atprecis Sync="TRUE">0</atprecis><attscale Sync="TRUE">0</attscale></attr><attr><attrlabl Sync="TRUE">area_names</attrlabl><attalias Sync="TRUE">area_names</attalias><attrtype Sync="TRUE">String</attrtype><attwidth Sync="TRUE">50</attwidth><attrdef>Name of the Landscape Conservation Cooperative</attrdef></attr><attr><attrlabl Sync="TRUE">BCR_number</attrlabl><attalias Sync="TRUE">BCR_number</attalias><attrtype Sync="TRUE">String</attrtype><attwidth Sync="TRUE">25</attwidth><attrdef>Number of the BCR the Geographic Area/LCC name was created from</attrdef></attr><attr><attrlabl Sync="TRUE">Area_Num</attrlabl><attalias Sync="TRUE">Area_Num</attalias><attrtype Sync="TRUE">Number</attrtype><attwidth Sync="TRUE">4</attwidth><attrdef>Arbitrary number for mapping</attrdef></attr><attr><attrlabl Sync="TRUE">Shape_Leng</attrlabl><attalias Sync="TRUE">Shape_Leng</attalias><attrtype Sync="TRUE">Float</attrtype><attwidth Sync="TRUE">19</attwidth><atnumdec Sync="TRUE">11</atnumdec></attr><attr><attrlabl Sync="TRUE">Shape_Area</attrlabl><attrdef Sync="TRUE">Area of feature in internal units squared.</attrdef><attrdefs Sync="TRUE">ESRI</attrdefs><attrdomv><udom Sync="TRUE">Positive real numbers that are automatically generated.</udom></attrdomv><attalias Sync="TRUE">Shape_Area</attalias><attrtype Sync="TRUE">Float</attrtype><attwidth Sync="TRUE">19</attwidth><atnumdec Sync="TRUE">11</atnumdec></attr></detailed></eainfo><distinfo><distrib><cntinfo><cntorgp><cntorg>U.S. Fish &amp; Wildlife Service (USFWS), R9, IRTM, BDSS</cntorg></cntorgp><cntpos></cntpos><cntaddr><addrtype>mailing address</addrtype><address>755 Parfet, Ste 215</address><city>Lakewood</city><state>CO</state><postal>80226</postal></cntaddr></cntinfo></distrib><resdesc Sync="TRUE">Downloadable Data</resdesc><stdorder><digform><digtinfo><transize Sync="TRUE">5.089</transize><dssize Sync="TRUE">5.089</dssize></digtinfo><digtopt><onlinopt><computer><networka><networkr>http://www.fws.gov/GIS/data/national/FWS_LCC.zip</networkr></networka></computer><accinstr>public - contact chris lett for further instructions</accinstr></onlinopt></digtopt></digform></stdorder></distinfo><metainfo><metd Sync="TRUE">20100415</metd><metc><cntinfo><cntorgp><cntorg>U.S. Fish &amp; Wildlife Service (USFWS),R9, IRTM, BDSS</cntorg><cntper>Chris Lett, National GIS Coordinator</cntper></cntorgp><cntpos>National GIS Coordinator</cntpos><cntaddr><addrtype>mailing address</addrtype><address>755 Parfet St, Ste 215</address><city>Lakewood</city><state>CO</state><postal>303-274-3574</postal></cntaddr><cntvoice>303-274-3574</cntvoice><cntemail>chris_lett@fws.gov</cntemail></cntinfo></metc><metstdn Sync="TRUE">FGDC Content Standards for Digital Geospatial Metadata</metstdn><metstdv Sync="TRUE">FGDC-STD-001-1998</metstdv><mettc Sync="TRUE">local time</mettc><langmeta Sync="TRUE">en</langmeta><metextns><onlink Sync="TRUE">http://www.esri.com/metadata/esriprof80.html</onlink><metprof Sync="TRUE">ESRI Metadata Profile</metprof></metextns></metainfo><timeperd><timeinfo><sngdate><caldate>20090919</caldate></sngdate></timeinfo><current>publication date</current></timeperd><status><progress>In work</progress><update>As needed</update></status><spdom><bounding><westbc>-179.957070</westbc><eastbc>-52.543750</eastbc><northbc>83.148084</northbc><southbc>14.544255</southbc></bounding></spdom><keywords><theme><themekt>None</themekt><themekey>Geographic</themekey><themekey>Fish and Wildlife Service</themekey><themekey>FWS</themekey></theme><place><placekt>None</placekt><placekey>USA</placekey></place></keywords><accconst>None</accconst><useconst>Inherent in any data set used to develop graphical representations, are limitations of accuracy as determined by, among others, the source, scale and resolution of the data. While the USFWS makes every effort to represent the data as completely and accurately as possible (given existing time and resource constraints), the USFWS gives no warranty, expressed or implied, as to the accuracy, reliability, or completeness of these data. In addition, the USFWS shall not be held liable for improper or incorrect use of the data described and/or contained in. Graphical representations provided by the use of this data do not represent a legal description of any kind.</useconst><ptcontac><cntinfo><cntorgp><cntorg>US Fish and Wildlife Service (USFWS), R9, IRTM, BDSS</cntorg></cntorgp><cntpos></cntpos><cntaddr><addrtype>mailing address</addrtype><address>755 Parfet St, Ste 215</address><city>Lakewood</city><state>CO</state><postal>80226</postal></cntaddr><cntvoice>303-274-3574</cntvoice><cntemail>chris_lett@fws.gov</cntemail></cntinfo></ptcontac><datacred>U.S. Fish &amp; Wildlife Service</datacred><procdate>20091909</procdate><procstep><procdesc>Metadata imported.</procdesc><srcused></srcused><procdate>20090819</procdate><proctime>10262000</proctime></procstep><cntvoice>Contact_Electronic_Mail_Address</cntvoice><resdesc>Downloadable Data</resdesc><distliab>Although this data set has been processed successfully by the U.S. Fish and Wildlife Service using the best available information, no warranty, expressed or implied, is made regarding the accuracy or utility of the data on any other system or for general or scientific purposes, nor shall the act of distribution constitute any such warranty. This disclaimer applies both to individual use of the data and aggregate use with other data. The U.S. Fish and Wildlife Service shall not be held liable for improper or incorrect use of the data described and/or contained in.</distliab><stdorder><digform><digtinfo><formname>GIS Data</formname></digtinfo><digtopt><onlinopt><computer><networka><networkr></networkr></networka></computer></onlinopt></digtopt></digform><fees>None</fees></stdorder><lineage></lineage><Esri><CreaDate>20100415</CreaDate><CreaTime>15472500</CreaTime><SyncOnce>FALSE</SyncOnce><SyncDate>20100415</SyncDate><SyncTime>15481500</SyncTime><ModDate>20100415</ModDate><ModTime>15481500</ModTime><MetaID>{80B00DCA-43AC-4113-A33A-4E4E8E06D09F}</MetaID></Esri><dataIdInfo><envirDesc Sync="TRUE">Microsoft Windows XP Version 5.1 (Build 2600) Service Pack 3; ESRI ArcCatalog 9.3.1.3000</envirDesc><dataLang><languageCode Sync="TRUE" value="en"></languageCode></dataLang><idCitation><resTitle Sync="TRUE">FWS_LCC</resTitle><presForm><PresFormCd Sync="TRUE" value="005"></PresFormCd></presForm></idCitation><dataExt><geoEle><GeoBndBox esriExtentType="native"><westBL Sync="TRUE">-180</westBL><eastBL Sync="TRUE">180</eastBL><northBL Sync="TRUE">83.148084</northBL><southBL Sync="TRUE">-15.422167</southBL><exTypeCode Sync="TRUE">1</exTypeCode></GeoBndBox></geoEle></dataExt><geoBox esriExtentType="decdegrees"><westBL Sync="TRUE">-180</westBL><eastBL Sync="TRUE">180</eastBL><northBL Sync="TRUE">83.148084</northBL><southBL Sync="TRUE">-15.422167</southBL><exTypeCode Sync="TRUE">1</exTypeCode></geoBox><spatRpType><SpatRepTypCd Sync="TRUE" value="001"></SpatRepTypCd></spatRpType></dataIdInfo><mdLang><languageCode Sync="TRUE" value="en"></languageCode></mdLang><mdStanName Sync="TRUE">ISO 19115 Geographic Information - Metadata</mdStanName><mdStanVer Sync="TRUE">DIS_ESRI1.0</mdStanVer><mdChar><CharSetCd Sync="TRUE" value="004"></CharSetCd></mdChar><mdHrLv><ScopeCd Sync="TRUE" value="005"></ScopeCd></mdHrLv><mdHrLvName Sync="TRUE">dataset</mdHrLvName><distInfo><distributor><distorTran><onLineSrc><orDesc Sync="TRUE">002</orDesc><linkage Sync="TRUE">http://www.fws.gov/GIS/data/national/FWS_LCC.zip</linkage><protocol Sync="TRUE">World Wide Web</protocol></onLineSrc><transSize Sync="TRUE">5.089</transSize></distorTran><distorFormat><formatName Sync="TRUE">Shapefile</formatName></distorFormat></distributor></distInfo><refSysInfo><RefSystem><refSysID><identCode Sync="TRUE">GCS_WGS_1984</identCode></refSysID></RefSystem></refSysInfo><spatRepInfo><VectSpatRep><topLvl><TopoLevCd Sync="TRUE" value="001"></TopoLevCd></topLvl><geometObjs Name="FWS_LCC"><geoObjTyp><GeoObjTypCd Sync="TRUE" value="001"></GeoObjTypCd></geoObjTyp><geoObjCnt Sync="TRUE">23</geoObjCnt></geometObjs></VectSpatRep></spatRepInfo><mdDateSt Sync="TRUE">20100415</mdDateSt></metadata>