<?xml version="1.0" encoding="UTF-8"?>
<metadata><idinfo><citation><citeinfo><origin>Environmental Systems Research Institute, Inc. (ESRI)</origin><pubdate>20020401</pubdate><title>CSC_Regions1</title><edition>2002</edition><geoform>vector digital data</geoform><serinfo><sername>ESRI Data &amp; Maps</sername><issue>2002</issue></serinfo><pubinfo><pubplace>Redlands, California, USA</pubplace><publish>Environmental Systems Research Institute, Inc. (ESRI)</publish></pubinfo><othercit>Location: ESRI Data &amp; Maps 2002 (CD 2) \usa</othercit><onlink>\\Igskiacwgstexas\development\Project\proj_dev\sholl\NCCWSC\DATABASES\NCCWSC_proj.mdb</onlink></citeinfo></citation><descript><abstract>U.S. States (Generalized) represents the fifty states and the District of Columbia of the United States.</abstract><purpose>U.S. States (Generalized) is generalized to improve draw performance and be used effectively at a national level.</purpose><supplinf>Largest scale when displaying the data: 1:3,000,000.</supplinf></descript><timeperd><timeinfo><sngdate><caldate>REQUIRED: The year (and optionally month, or month and day) for which the data set corresponds to the ground.</caldate></sngdate></timeinfo><current>publication date: 19920601, 2001; ground condition: 2000, 1997</current></timeperd><status><progress>Complete</progress><update>Matches software update releases</update></status><spdom><bounding><westbc>-178.217598</westbc><eastbc>-66.969271</eastbc><northbc>71.406235</northbc><southbc>18.924782</southbc></bounding></spdom><keywords><theme><themekt>None</themekt><themekey>polygon</themekey><themekey>area</themekey><themekey>demographics</themekey><themekey>population</themekey><themekey>households</themekey><themekey>farm information</themekey><themekey>boundaries</themekey><themekey>society</themekey></theme><place><placekt>None</placekt><placekey>United States</placekey><placekey>U.S. States</placekey><placekey>States</placekey></place><temporal><tempkt>None</tempkt><tempkey>1992</tempkey><tempkey>2000</tempkey><tempkey>2001</tempkey><tempkey>1997</tempkey><tempkey>1999</tempkey></temporal></keywords><accconst>Access granted to Licensee only.</accconst><useconst>
The data are provided by multiple, third party data vendors under license to ESRI for inclusion on ESRI Data &amp; Maps CDROMs for use with ESRI® software.  Each data vendor has its own data licensing policies and may grant varying redistribution rights to end users. Please consult the redistribution rights below for this data set provided on ESRI Data &amp; Maps CDROMs. As used herein, Geodata shall mean any digital data set consisting of geographic data coordinates and associated attributes.

The redistribution rights for this data set: Redistribution rights are granted by the data vendor for hard-copy renditions or static, electronic map images (e.g. .gif, .jpeg, etc.) that are plotted, printed, or publicly displayed with proper metadata and source/copyright attribution to the respective data vendor(s).  Geodata is redistributable with a Value-Added Software Application developed by ESRI Business Partners on a royalty-free basis with proper metadata and source/copyright attribution to the respective data vendor(s).  Geodata is redistributable without a Value-Added Software Application (i.e., adding the sample data to an existing, [non]commercial data set for redistribution) with proper metadata and source/copyright attribution to the respective data vendor(s).

The terms and conditions below apply to all the data sets provided on the ESRI Data &amp; Maps CDROMs.

Proprietary Rights and Copyright: Licensee acknowledges that the Data and Related Materials contain proprietary and confidential property of ESRI and its licensor(s). The Data and Related Materials are owned by ESRI and its licensor(s) and are protected by United States copyright laws and applicable international copyright treaties and/or conventions.

Limited Warranty and Disclaimer: ESRI warrants that the media upon which the Data and Related Materials are provided will be free from defects in materials and workmanship under normal use and service for a period of ninety (90) days from the date of receipt.

THE DATA AND RELATED MATERIALS ARE EXCLUDED FROM THE LIMITED WARRANTY, AND THE LICENSEE EXPRESSLY ACKNOWLEDGES THAT THE DATA CONTAINS SOME NONCONFORMITIES, DEFECTS, OR ERRORS. ESRI DOES NOT WARRANT THAT THE DATA WILL MEET LICENSEE'S NEEDS OR EXPECTATIONS; THAT THE USE OF THE DATA WILL BE UNINTERRUPTED; OR THAT ALL NONCONFORMITIES, DEFECTS, OR ERRORS CAN OR WILL BE CORRECTED. ESRI IS NOT INVITING RELIANCE ON THIS DATA, AND THE LICENSEE SHOULD ALWAYS VERIFY ACTUAL DATA.

EXCEPT FOR THE LIMITED WARRANTY SET FORTH ABOVE, THE DATA AND RELATED MATERIALS CONTAINED THEREIN ARE PROVIDED "AS-IS," WITHOUT WARRANTY OF ANY KIND, EITHER EXPRESS OR IMPLIED, INCLUDING, BUT NOT LIMITED TO, THE IMPLIED WARRANTIES OF MERCHANTABILITY AND FITNESS FOR A PARTICULAR PURPOSE.

Exclusive Remedy and Limitation of Liability: The entire liability of ESRI or its licensor(s) and Licensee's exclusive remedy shall be to terminate the Agreement upon Licensee returning the Data and Related Materials to ESRI with a copy of Licensee's invoice/receipt and ESRI returning the license fees paid to Licensee.

IN NO EVENT SHALL ESRI AND/OR ITS LICENSOR(S) BE LIABLE FOR COSTS OF PROCUREMENT OF SUBSTITUTE GOODS OR SERVICES; LOST PROFITS, LOST SALES, OR BUSINESS EXPENDITURES, INVESTMENTS, OR COMMITMENTS IN CONNECTION WITH ANY BUSINESS; LOSS OF ANY GOODWILL; OR FOR ANY INDIRECT, SPECIAL, INCIDENTAL, EXEMPLARY, OR CONSEQUENTIAL DAMAGES ARISING OUT OF THIS AGREEMENT OR USE OF THE DATA AND RELATED MATERIALS, HOWEVER CAUSED, ON ANY THEORY OF LIABILITY, AND WHETHER OR NOT ESRI OR ITS LICENSOR(S) HAVE BEEN ADVISED OF THE POSSIBILITY OF SUCH DAMAGE. THESE LIMITATIONS SHALL APPLY NOTWITHSTANDING ANY FAILURE OF ESSENTIAL PURPOSE OF ANY EXCLUSIVE REMEDY.

Third Party Beneficiary: ESRI's licensor(s) has (have) authorized ESRI to (sub)distribute and (sub)license its (their) data as incorporated into the Data and Related Materials. As an intended third party beneficiary to this Agreement, the ESRI licensor(s) is (are) entitled to directly enforce, in its own name, the rights and obligations undertaken by the Licensee and to seek all legal and equitable remedies as are afforded to ESRI.

In the event that the data vendor(s) has (have) granted the end user permission to redistribute the Geodata, please use proper proprietary or copyright attribution for the various data vendor(s), and provide the associated metadata file(s) with the Geodata. In compliance with FGDC metadata standards, ESRI has attempted to practice proper metadata methodologies by providing any data source information, descriptions, and file names to assist in this effort.
</useconst><ptcontac><cntinfo><cntorgp><cntorg>Environmental Systems Research Institute, Inc. (ESRI)</cntorg><cntper>Data Team</cntper></cntorgp><cntaddr><addrtype>mailing and physical address</addrtype><address>380 New York Street</address><city>Redlands</city><state>California</state><postal>92373-8100</postal><country>USA</country></cntaddr><cntvoice>909-793-2853</cntvoice><cntfax>909-793-5953</cntfax><cntemail>info@esri.com</cntemail><hours>8:00 a.m.5:30 p.m. Pacific time, MondayFriday</hours><cntinst>
In the United States
Please direct all inquiries regarding software/data pricing and consulting services to your local ESRI Regional Office.  For support, you may contact Technical Support by telephone (voice) between 6:00 a.m. and 6:00 p.m. Pacific time, Monday through Friday, by dialing 909-793-3774; facsimile (fax) available at 909-792-0960; electronic mail (e-mail) support@esri.com; or visit http://support.esri.com; ESRI holidays excluded.

Outside the United States
Please direct all inquiries regarding software/data pricing, sales, support, and consulting services to your local ESRI International Distributor.  This information can be found at http://gis.esri.com/intldist/contactint.cfm.

For other questions or comments, you may contact ESRI headquarters by e-mail, telephone, or fax or write to us.
</cntinst></cntinfo></ptcontac><browse><browsed>Thumbnail</browsed><browset>BMP</browset></browse><native>Microsoft Windows XP Version 5.1 (Build 2600) Service Pack 3; ESRI ArcCatalog 9.3.1.3000</native></idinfo><dataqual><logic>No duplicate features are present.</logic><complete>After processing, the data set is checked for drawing display and number of records and file sizes compared with source materials.</complete><posacc><horizpa><horizpar>The geospatial part of this data set was extracted from the ArcUSA 1:25M database, then generalized.  Generalizing reduces positional accuracy and the tolerance was not recorded so the positional accuracy exceeds that of the ArcUSA data set.  The positional accuracy of the ArcUSA 1:25M data set is 1792 meters which is based on generalizingto a tolerance of 500 metersthe 1:2,000,000-scale USGS Digital Line Graph (DLG) source data.</horizpar></horizpa></posacc><lineage><srcinfo><srccite><citeinfo><origin>Environmental Systems Research Institute, Inc. (ESRI)</origin><pubdate>19920601</pubdate><title>ArcUSA 1:25M</title><edition>1</edition><geoform>vector digital data</geoform><serinfo/><pubinfo><pubplace>Redlands, California, USA</pubplace><publish>Environmental Systems Research Institute, Inc. (ESRI)</publish></pubinfo></citeinfo></srccite><srcscale>25000000</srcscale><typesrc>CDROM</typesrc><srctime><timeinfo><sngdate><caldate>19920601</caldate></sngdate></timeinfo><srccurr>publication date</srccurr></srctime><srccitea>ArcUSA 1:25M</srccitea><srccontr>Attribute and geospatial data</srccontr></srcinfo><srcinfo><srccite><citeinfo><origin>Department of Commerce, Census Bureau</origin><pubdate>2001</pubdate><title>Summary File 1 (SF1)</title><edition>2000</edition><serinfo><sername>Summary File 1 (SF1)</sername><issue>2000</issue></serinfo><pubinfo><pubplace>USA</pubplace><publish>Department of Commerce, Census Bureau</publish></pubinfo><othercit>The Summary File 1 (SF1) data is based on the 2000 Census of Population.</othercit></citeinfo></srccite><typesrc>CDROM</typesrc><srctime><timeinfo><sngdate><caldate>2000</caldate></sngdate></timeinfo><srccurr>ground condition</srccurr></srctime><srccitea>Census SF1</srccitea><srccontr>Attribute data</srccontr></srcinfo><srcinfo><srccite><citeinfo><origin>ESRI Business Information Solutions</origin><pubdate>2001</pubdate><title>Totpop_cy (attribute)</title><pubinfo><pubplace>Vienna, Virginia, USA</pubplace><publish>ESRI Business Information Solutions</publish></pubinfo></citeinfo></srccite><typesrc>electronic mail system</typesrc><srctime><timeinfo><sngdate><caldate>2001</caldate></sngdate></timeinfo><srccurr>publication date</srccurr></srctime><srccitea>ESRI BIS</srccitea><srccontr>Attribute data</srccontr></srcinfo><srcinfo><srccite><citeinfo><origin>U.S. Department of Agriculture (USDA), National Agricultural Statistics Service (NASS)</origin><pubdate>199903</pubdate><title>1997 Census of Agriculture</title><edition>1997</edition><serinfo><sername>Census of Agriculture</sername><issue>1997</issue></serinfo><pubinfo><pubplace>USA</pubplace><publish>U.S. Department of Agriculture (USDA), National Agricultural Statistics Service (NASS)</publish></pubinfo><othercit>The farm attributes come from data published by the U.S. Department of Agriculture (USDA), National Agricultural Statistics Service (NASS) based on the 1997 Census of Agriculture.</othercit></citeinfo></srccite><typesrc>CDROM</typesrc><srctime><timeinfo><sngdate><caldate>1997</caldate></sngdate></timeinfo><srccurr>ground condition</srccurr></srctime><srccitea>USDA Farm</srccitea><srccontr>Attribute data</srccontr></srcinfo><procstep><procdesc>
The following steps were performed by ESRI for Data &amp; Maps 2002: Replaced demographic and agricultural attributes with the latest from 2000 Census SF1, ESRI BIS, and 1997 Census of Agriculture.  Recreated ArcView legend file (.avl) and ArcGIS layer file (.lyr) file.  Copied projection file (.prj).

The following steps were performed by ESRI: Extracted and generalized the features from ArcUSA 1:25M.  Added demographic attributes from Summary Tape File-1A (STF-1A) data published by the U.S. Bureau of the Census based on the 1990 Census of Population. Added farm attributes from data published by the U.S. Bureau of the Census based on the 1987 Census of Agriculture.  Added Pop2000 attribute from ESRI Business Information Solutions.  Converted to North American Datum of 1983 (NAD83) by splitting the United States intoif present: Alaska, Hawaii, Puerto Rico, U.S. Virgin Islandsand the 48 contiguous states (including District of Columbia); converting each to NAD83; then merging them together.  Recalculated any attributes based on area.  Created ArcGIS layer file (.lyr).  Created ArcView legend file (.avl).  Created projection file (.prj).  Ran ArcView Avenue request ExportClean, and created spatial indices.
</procdesc><srcused>ArcUSA 1:25M</srcused><srcused>Census SF1</srcused><srcused>ESRI BIS</srcused><srcused>USDA Farm</srcused><procdate>20020131</procdate></procstep><procstep><procdesc>Metadata imported.</procdesc><srcused>C:\DOCUME~1\clett\LOCALS~1\Temp\xml7C.tmp</srcused><procdate>20091007</procdate><proctime>10525600</proctime></procstep><procstep><procdesc>Dataset copied.</procdesc><srcused>\\Igskiacwgstexas\development\Project\proj_dev\sholl\NCCWSC\DATA\RAW\USFWS\DOI_LCC_All\FWS_Climate_Change.gdb</srcused><procdate>20110216</procdate><proctime>19490800</proctime></procstep><procstep><procdesc>Dataset copied.</procdesc><srcused>\\Igskiacwgstexas\development\Project\proj_dev\sholl\NCCWSC\DATA\RAW\ESRI-USA\lower48_Dissolve</srcused><procdate>20110216</procdate><proctime>21105900</proctime></procstep></lineage></dataqual><spdoinfo><direct>Vector</direct><ptvctinf/></spdoinfo><spref><horizsys><geograph><latres>0.000000</latres><longres>0.000000</longres><geogunit>Decimal degrees</geogunit></geograph><geodetic><horizdn>D_WGS_1984</horizdn><ellips>WGS_1984</ellips><semiaxis>6378137.000000</semiaxis><denflat>298.257224</denflat></geodetic></horizsys><vertdef><altsys><altenc>Explicit elevation coordinate included with horizontal coordinates</altenc><altres>0.000100</altres></altsys></vertdef></spref><eainfo><detailed><enttyp><enttypl>CSC_Regions</enttypl><enttypd>A type of governmental unit that is the primary legal subdivision of the United States.</enttypd><enttypds>Department of Commerce, Census Bureau</enttypds></enttyp><attr><attrlabl>OBJECTID</attrlabl><attrdef>Internal feature number.</attrdef><attrdefs>ESRI</attrdefs><attrdomv><udom>Sequential unique whole numbers that are automatically generated.</udom></attrdomv></attr><attr><attrlabl>Shape</attrlabl><attrdef>Feature geometry.</attrdef><attrdefs>ESRI</attrdefs><attrdomv><udom>Coordinates defining the features.</udom></attrdomv></attr><attr><attrlabl>CSC_ID</attrlabl></attr><attr><attrlabl>Shape_Length</attrlabl><attrdef>Length of feature in internal units.</attrdef><attrdefs>ESRI</attrdefs><attrdomv><udom>Positive real numbers that are automatically generated.</udom></attrdomv></attr><attr><attrlabl>Shape_Area</attrlabl><attrdef>Area of feature in internal units squared.</attrdef><attrdefs>ESRI</attrdefs><attrdomv><udom>Positive real numbers that are automatically generated.</udom></attrdomv></attr><attr><attrlabl>area_name</attrlabl></attr><attr><attrlabl>URL</attrlabl></attr></detailed></eainfo><distinfo><distrib><cntinfo><cntorgp><cntorg>Environmental Systems Research Institute, Inc. (ESRI); ESRI International Distributors</cntorg></cntorgp><cntaddr><addrtype>mailing and physical address</addrtype><address>380 New York Street</address><city>Redlands</city><state>California</state><postal>92373-8100</postal><country>USA</country></cntaddr><cntvoice>800-447-9778</cntvoice><cntinst>
In the United States, contact the ESRI Telesales staff at 800-447-9778 for more information about our software and data.

Outside the United States, please direct all inquiries to your local ESRI International Distributor.  This information can be found at http://gis.esri.com/intldist/contactint.cfm.
</cntinst></cntinfo></distrib><resdesc>Offline Data</resdesc><distliab>See use constraints.</distliab><stdorder><digform><digtinfo><formname>SHP</formname><formspec>The SHP file contains the geospatial data. The SHX file contains the index of the geospatial data. The DBF file contains the attribute data in dBASE format. The PRJ file contains the coordinate system information (optional). The AVL file contains the legend information (optional). The SBN and SBX files contain the spatial index of the geospatial data (optional). The XML file contains the metadata describing the data set &lt;data set name&gt;.shp.xml (optional).</formspec><filedec>no compression applied</filedec><transize>0.391</transize></digtinfo><digtopt><offoptn><offmedia>ESRI Data &amp; Maps 2002 CDROM Set is available only as part of ESRI® software.</offmedia><reccap><recden>650</recden><recdenu>MB (megabytes)</recdenu></reccap><recfmt>ISO 9660</recfmt></offoptn></digtopt></digform><fees>Software purchase price</fees></stdorder><techpreq>To use this data requires software that supports ArcView® GIS shapefiles.</techpreq></distinfo><metainfo><metd>20110218</metd><metc><cntinfo><cntorgp><cntorg>Environmental Systems Research Institute, Inc. (ESRI)</cntorg><cntper>Data Team</cntper></cntorgp><cntaddr><addrtype>mailing and physical address</addrtype><address>380 New York Street</address><city>Redlands</city><state>California</state><postal>92373-8100</postal><country>USA</country></cntaddr><cntvoice>909-793-2853</cntvoice><cntfax>909-793-5953</cntfax><cntemail>info@esri.com</cntemail><hours>8:00 a.m.5:30 p.m. Pacific time, MondayFriday</hours></cntinfo></metc><metstdn>FGDC Content Standards for Digital Geospatial Metadata</metstdn><metstdv>FGDC-STD-001-1998</metstdv><mettc>local time</mettc></metainfo><dataIdInfo><envirDesc>Microsoft Windows XP Version 5.1 (Build 2600) Service Pack 3; ESRI ArcGIS 10.0.0.2414</envirDesc><dataLang><languageCode value="en" country="US"/></dataLang><idCitation><resTitle>CSC_Regions</resTitle><presForm><PresFormCd value="005"/></presForm></idCitation><spatRpType><SpatRepTypCd value="001"/></spatRpType><dataExt><geoEle><GeoBndBox esriExtentType="search"><westBL>-180.000000</westBL><eastBL>180.000000</eastBL><northBL>71.406235</northBL><southBL>-15.422167</southBL><exTypeCode>1</exTypeCode></GeoBndBox></geoEle></dataExt><geoBox esriExtentType="decdegrees"><westBL>-178.217598</westBL><eastBL>-66.969271</eastBL><northBL>71.406235</northBL><southBL>18.924782</southBL><exTypeCode>1</exTypeCode></geoBox><descKeys><thesaName uuidref="723f6998-058e-11dc-8314-0800200c9a66"/><keyword>002</keyword></descKeys></dataIdInfo><mdLang><languageCode value="en"/></mdLang><mdStanName>ISO 19115 Geographic Information - Metadata</mdStanName><mdStanVer>DIS_ESRI1.0</mdStanVer><mdChar><CharSetCd value="006"/></mdChar><mdHrLv><ScopeCd value="005"/></mdHrLv><mdHrLvName>dataset</mdHrLvName><distInfo><distributor><distorTran><onLineSrc><orDesc>002</orDesc><linkage>file://\\Igskiacwgstexas\development\Project\proj_dev\sholl\NCCWSC\DATABASES\NCCWSC_proj.mdb</linkage><protocol>Local Area Network</protocol></onLineSrc><transSize>0.000</transSize></distorTran><distorFormat><formatName>Personal GeoDatabase Feature Class</formatName></distorFormat></distributor><distFormat><formatName>Personal GeoDatabase Feature Class</formatName></distFormat></distInfo><refSysInfo><RefSystem><refSysID><identCode code="4326">GCS_WGS_1984</identCode><idCodeSpace>EPSG</idCodeSpace><idVersion>7.4.1</idVersion></refSysID></RefSystem></refSysInfo><spatRepInfo><VectSpatRep><topLvl><TopoLevCd value="001"/></topLvl><geometObjs><geoObjTyp><GeoObjTypCd value="002"/><geoObjCnt>8</geoObjCnt></geoObjTyp><geoObjCnt>0</geoObjCnt></geometObjs></VectSpatRep></spatRepInfo><mdDateSt>20120215</mdDateSt><Esri><CreaDate>20120502</CreaDate><CreaTime>07025700</CreaTime><ArcGISFormat>1.0</ArcGISFormat><SyncOnce>TRUE</SyncOnce></Esri></metadata>
