<?xml version="1.0"?>
<!--<!DOCTYPE metadata SYSTEM "http://www.esri.com/metadata/esriprof80.dtd">-->
<metadata xml:lang="en"><Esri><CreaDate>20110705</CreaDate><CreaTime>07570300</CreaTime><SyncOnce>TRUE</SyncOnce><ArcGISFormat>1.0</ArcGISFormat><ArcGISstyle>FGDC CSDGM Metadata</ArcGISstyle><DataProperties><itemProps><itemLocation><linkage Sync="TRUE">file://\\IGSARMEWWSORQ\D\ORQData\general_coverages\state_boundaries\statesp020</linkage><protocol Sync="TRUE">Local Area Network</protocol></itemLocation></itemProps><copyHistory><copy source="D:\ORQData\general_coverages\statesp020" dest="\\IGSARMEWWSORQ\D\ORQData\general_coverages\state_boundaries\statesp020" date="20110705" time="07570300"></copy></copyHistory><lineage><Process ToolSource="C:\ArcGIS\ArcToolbox\Toolboxes\Data Management Tools.tbx\RepairGeometry" Date="20111121" Time="083434">RepairGeometry CONUS DELETE_NULL CONUS</Process></lineage></DataProperties></Esri><idinfo><citation><citeinfo><onlink Sync="TRUE">\\IGSARMEWWSORQ\C\Documents and Settings\dblodgett\Desktop\GIS\general_coverages\statesp020</onlink></citeinfo></citation></idinfo><distInfo><distributor><distorTran><onLineSrc><linkage Sync="TRUE">file://\\IGSARMEWWSORQ\C\Documents and Settings\dblodgett\Desktop\GIS\general_coverages\statesp020</linkage><protocol Sync="TRUE">Local Area Network</protocol></onLineSrc></distorTran></distributor></distInfo><dataqual><lineage><procstep><procdesc Sync="TRUE">Dataset moved.</procdesc><srcused Sync="TRUE">C:\Documents and Settings\dblodgett\Desktop\GIS\general_coverages\statesp020</srcused><procdate Sync="TRUE">20100218</procdate><proctime Sync="TRUE">12304900</proctime></procstep><procstep><procdesc Sync="TRUE">Dataset moved.</procdesc><srcused Sync="TRUE">C:\Documents and Settings\dblodgett\Cookies\statesp020</srcused><procdate Sync="TRUE">20100218</procdate><proctime Sync="TRUE">12311400</proctime></procstep></lineage></dataqual></metadata>
